question,ground_truth_openai,context_openai,page_numbers_openai,ground_truth_mixtral,context_mixtral,page_numbers_mixtral
"Who is the E-VP, Operations - and how old are they?","Debora Shoquist is the Executive Vice President of Operations, and she is 69 years old.","Table of Contents
strategy , planning, reporting and business develo pment for the division. Prior to joining Microsoft, Ms. Kress spent eight years at Texas Instruments Incorporated,
a semicondu ctor company , where she held a variety of finance positions. Ms. Kress holds a B.S. degree in Finance from University of Arizona and an M.B.A.
degree from Southern Methodist University .
Ajay K. Puri joined NVIDIA  in 2005 as Senior Vice President, Worldwide Sales and became Executive Vice President, Worldwide Field Operations in 2009. Prior
to NVIDIA, he held positions in sales, marketing,  and general management over a 22-year career at Sun Microsystems, Inc., a computing systems company . Mr.
Puri previou sly held marketing, management consulting, and product development positions at Hewlett-Packard, an information technology company , Booz Allen
Hamilton Inc., a management and technology consulting company , and Texas Instruments Incorporated. Mr. Puri holds a B.S.E.E. degree from the University of
Minnesota, an M.S.E.E. degree from the California Institute of Technology and an M.B.A. degree from Harvard Business School.
Debora Shoquist  joined NVIDIA  in 2007 as Senior Vice President of Operations and in 2009 became Executive Vice President of Operations. Prior to NVIDIA,
Ms. Shoquis t served from 2004 to 2007 as Executive Vice President of Operations at JDS Uniph ase Corp., a provider of communications test and measurement
solutions and optical products for the telecommunications industry . She served from 2002 to 2004 as Senior Vice President and General Manager of the Electro-
Optics busin ess at Coherent, Inc., a manufactu rer of commercial and scientific laser equipment. Previously , she worked at Quantum Corp., a data protection
company , as President of the Personal Compute r Hard Disk Drive Division, and at Hewlett-Pack ard. Ms. Shoquist holds a B.S. degree in Electrical Engineering
from Kansas State University and a B.S. degree in Biology from Santa Clara University .
Timothy S. Teter joined NVID IA in 2017 as Senior Vice President, General Counsel and Secretary and became Executive Vice President, General Counsel and
Secretary in February 2018. Prior to NVIDIA, Mr. Teter spent more than two decades at the law firm of Cooley LLP, where he focused on litigating patent and
technology related matters. Prior to attending law school, he worked as an engineer at Lockheed Missiles and Space Company , an aerospace company . Mr.
supports diverse hiring, retention, and employee engagement, which we believe makes NVIDIA  a great place to work.
During fiscal year 2025, we will continue to have a flexible work environment and maintain our company wide 2-days off a quarter for employees to rest and
recharge.
Information About Our Executive Officers
The following sets forth certain information regarding our executive of ficers, their ages, and positions as of February 16, 2024:
Name Age Position
Jen-Hsun Huang 60 President and Chief Executive Of ficer
Colette M. Kress 56 Executive V ice President and Chief Financial Of ficer
Ajay K. Puri 69 Executive V ice President, W orldwide Field Operations
Debora Shoquist 69 Executive V ice President, Operations
Timothy S. Teter 57 Executive V ice President and General Counsel
Jen-Hsun Huang co-founded NVIDIA  in 1993 and has served as our President, Chief Executive Officer, and a member of the Board of Directors since our
inception. From 1985 to 1993, Mr. Huang was employed at LSI Logic Corporation, a computer chip manufacturer , where he held a variety of positions including
as Director of Coreware,  the business unit responsible for LSI's SOC. From 1983 to 1985, Mr. Huang was a microprocessor designer for AMD, a semiconductor
company . Mr. Huang holds a B.S.E.E. degree from Oregon State University and an M.S.E.E. degree from Stanford University .
Colette M. Kress  joined NVIDIA  in 2013 as Executive Vice President and Chief Financial Officer. Prior to NVIDIA, Ms. Kress most recently served as Senior
Vice Preside nt and Chief Financial Officer of the Business Technology and Operations Finance organization at Cisco Systems, Inc., a networking equipment
company , since 2010. At Cisco, Ms. Kress was responsible for financial strategy , planning, reporting and business development for all business segments,
engineering and operations. From 1997 to 2010 Ms. Kress held a variety of positions at Microsoft, a software company , including, beginning in 2006, Chief
Financial Of ficer of the Server and Tools division, where Ms. Kress was responsible for financial
12
Table of Contents
Our support is enhanced during times of crisis, such as war or economic volatility , to take care of our existing team of world-class talent and their families.
Diversity , Inclusion, and Belonging
We believe that diverse teams fuel innovation, and we are committed to creating an inclusive culture that supports all employees.
When recruiting for new talent or developing our current employees, we strive to build a diverse talent pipeline that includes those underrepresented in the
technology field, including women, Black/African American, and Hispanic/Latino candidates.
To this end, we have been:
•Partnering with institutions and professional organizations serving historically underrepresented communities;
•Embedding dedicated recruiting teams to busin ess areas to shepherd underrepresented candidates through the interview process and find internal
opportunities;
•Supporting the development of women employees through programs aimed at building a pipeline of future leaders;
•Providing peer support and executive sponsors for our internal community resource groups;
•Providing training and education to managers and peers on fostering supportive environments and recruiting for diversity;
•Track equity and parity in retention, promotions, pay , and employee engagement scores; and
•Measuring year over year progress and providing leadership visibility on diversity ef forts.
As of the end of fiscal year 2024, our global workforce was 79% male, 20% female, and 1% not declared, with 6% of our workforce in the United States
composed of Black or African American and Hispanic or Latino employees.
Flexible W orking Environment
We support a flexible work environment, understanding that many employees want the ability to work from home under certain conditions. This flexibility
supports diverse hiring, retention, and employee engagement, which we believe makes NVIDIA  a great place to work.
During fiscal year 2025, we will continue to have a flexible work environment and maintain our company wide 2-days off a quarter for employees to rest and
recharge.
Information About Our Executive Officers
The following sets forth certain information regarding our executive of ficers, their ages, and positions as of February 16, 2024:
Name Age Position
Jen-Hsun Huang 60 President and Chief Executive Of ficer
Colette M. Kress 56 Executive V ice President and Chief Financial Of ficer
Ajay K. Puri 69 Executive V ice President, W orldwide Field Operations
Pursuant to the requirements of the Securities Exchange Act of 1934, this report has been signed below by the following persons on behalf of the registrant and
in the capacities and on the dates indicated.
Signature Title Date
/s/ JEN-HSUN HUANG President, Chief Executive Of ficer and Director
(Principal Executive Of ficer) February 21, 2024
Jen-Hsun Huang  
/s/ COLETTE M. KRESS Executive V ice President and Chief Financial Of ficer
(Principal Financial Of ficer) February 21, 2024
Colette M. Kress  
/s/ DONALD ROBER TSONVice President and Chief Accounting Of ficer
(Principal Accounting Of ficer) February 21, 2024
Donald Robertson
/s/ ROBER T BURGESS Director February 21, 2024
Robert Burgess
/s/ TENCH COXE  Director February 21, 2024
Tench Coxe  
/s/ JOHN O. DABIRI Director February 21, 2024
John O. Dabiri  
/s/ PERSIS DRELL Director February 21, 2024
Persis Drell
/s/ DA WN HUDSON Director February 21, 2024
Dawn Hudson
/s/ HAR VEY C. JONES Director February 21, 2024
Harvey C. Jones  
/s/ MELISSA  B. LORA Director February 21, 2024
Melissa B. Lora
/s/ MICHAEL  MCCAFFER Y Director February 21, 2024
Michael McCaf fery
/s/ STEPHEN C. NEAL Director February 21, 2024
Stephen C. Neal
/s/ MARK L. PERR Y Director February 21, 2024
Mark L. Perry  
/s/ A. BROOKE SEA WELL Director February 21, 2024
A. Brooke Seawell 
/s/ AARTI SHAH Director February 21, 2024
Aarti Shah
/s/ MARK STEVENS Director February 21, 2024
Mark Stevens  
85","{11, 12, 84}","
Answer:
Debora Shoquist is the E-VP, Operations and she is 69 years old.","Table of Contents
strategy , planning, reporting and business develo pment for the division. Prior to joining Microsoft, Ms. Kress spent eight years at Texas Instruments Incorporated,
a semicondu ctor company , where she held a variety of finance positions. Ms. Kress holds a B.S. degree in Finance from University of Arizona and an M.B.A.
degree from Southern Methodist University .
Ajay K. Puri joined NVIDIA  in 2005 as Senior Vice President, Worldwide Sales and became Executive Vice President, Worldwide Field Operations in 2009. Prior
to NVIDIA, he held positions in sales, marketing,  and general management over a 22-year career at Sun Microsystems, Inc., a computing systems company . Mr.
Puri previou sly held marketing, management consulting, and product development positions at Hewlett-Packard, an information technology company , Booz Allen
Hamilton Inc., a management and technology consulting company , and Texas Instruments Incorporated. Mr. Puri holds a B.S.E.E. degree from the University of
Minnesota, an M.S.E.E. degree from the California Institute of Technology and an M.B.A. degree from Harvard Business School.
Debora Shoquist  joined NVIDIA  in 2007 as Senior Vice President of Operations and in 2009 became Executive Vice President of Operations. Prior to NVIDIA,
Ms. Shoquis t served from 2004 to 2007 as Executive Vice President of Operations at JDS Uniph ase Corp., a provider of communications test and measurement
solutions and optical products for the telecommunications industry . She served from 2002 to 2004 as Senior Vice President and General Manager of the Electro-
Optics busin ess at Coherent, Inc., a manufactu rer of commercial and scientific laser equipment. Previously , she worked at Quantum Corp., a data protection
company , as President of the Personal Compute r Hard Disk Drive Division, and at Hewlett-Pack ard. Ms. Shoquist holds a B.S. degree in Electrical Engineering
from Kansas State University and a B.S. degree in Biology from Santa Clara University .
Timothy S. Teter joined NVID IA in 2017 as Senior Vice President, General Counsel and Secretary and became Executive Vice President, General Counsel and
Secretary in February 2018. Prior to NVIDIA, Mr. Teter spent more than two decades at the law firm of Cooley LLP, where he focused on litigating patent and
technology related matters. Prior to attending law school, he worked as an engineer at Lockheed Missiles and Space Company , an aerospace company . Mr.
supports diverse hiring, retention, and employee engagement, which we believe makes NVIDIA  a great place to work.
During fiscal year 2025, we will continue to have a flexible work environment and maintain our company wide 2-days off a quarter for employees to rest and
recharge.
Information About Our Executive Officers
The following sets forth certain information regarding our executive of ficers, their ages, and positions as of February 16, 2024:
Name Age Position
Jen-Hsun Huang 60 President and Chief Executive Of ficer
Colette M. Kress 56 Executive V ice President and Chief Financial Of ficer
Ajay K. Puri 69 Executive V ice President, W orldwide Field Operations
Debora Shoquist 69 Executive V ice President, Operations
Timothy S. Teter 57 Executive V ice President and General Counsel
Jen-Hsun Huang co-founded NVIDIA  in 1993 and has served as our President, Chief Executive Officer, and a member of the Board of Directors since our
inception. From 1985 to 1993, Mr. Huang was employed at LSI Logic Corporation, a computer chip manufacturer , where he held a variety of positions including
as Director of Coreware,  the business unit responsible for LSI's SOC. From 1983 to 1985, Mr. Huang was a microprocessor designer for AMD, a semiconductor
company . Mr. Huang holds a B.S.E.E. degree from Oregon State University and an M.S.E.E. degree from Stanford University .
Colette M. Kress  joined NVIDIA  in 2013 as Executive Vice President and Chief Financial Officer. Prior to NVIDIA, Ms. Kress most recently served as Senior
Vice Preside nt and Chief Financial Officer of the Business Technology and Operations Finance organization at Cisco Systems, Inc., a networking equipment
company , since 2010. At Cisco, Ms. Kress was responsible for financial strategy , planning, reporting and business development for all business segments,
engineering and operations. From 1997 to 2010 Ms. Kress held a variety of positions at Microsoft, a software company , including, beginning in 2006, Chief
Financial Of ficer of the Server and Tools division, where Ms. Kress was responsible for financial
12
Table of Contents
Our support is enhanced during times of crisis, such as war or economic volatility , to take care of our existing team of world-class talent and their families.
Diversity , Inclusion, and Belonging
We believe that diverse teams fuel innovation, and we are committed to creating an inclusive culture that supports all employees.
When recruiting for new talent or developing our current employees, we strive to build a diverse talent pipeline that includes those underrepresented in the
technology field, including women, Black/African American, and Hispanic/Latino candidates.
To this end, we have been:
•Partnering with institutions and professional organizations serving historically underrepresented communities;
•Embedding dedicated recruiting teams to busin ess areas to shepherd underrepresented candidates through the interview process and find internal
opportunities;
•Supporting the development of women employees through programs aimed at building a pipeline of future leaders;
•Providing peer support and executive sponsors for our internal community resource groups;
•Providing training and education to managers and peers on fostering supportive environments and recruiting for diversity;
•Track equity and parity in retention, promotions, pay , and employee engagement scores; and
•Measuring year over year progress and providing leadership visibility on diversity ef forts.
As of the end of fiscal year 2024, our global workforce was 79% male, 20% female, and 1% not declared, with 6% of our workforce in the United States
composed of Black or African American and Hispanic or Latino employees.
Flexible W orking Environment
We support a flexible work environment, understanding that many employees want the ability to work from home under certain conditions. This flexibility
supports diverse hiring, retention, and employee engagement, which we believe makes NVIDIA  a great place to work.
During fiscal year 2025, we will continue to have a flexible work environment and maintain our company wide 2-days off a quarter for employees to rest and
recharge.
Information About Our Executive Officers
The following sets forth certain information regarding our executive of ficers, their ages, and positions as of February 16, 2024:
Name Age Position
Jen-Hsun Huang 60 President and Chief Executive Of ficer
Colette M. Kress 56 Executive V ice President and Chief Financial Of ficer
Ajay K. Puri 69 Executive V ice President, W orldwide Field Operations
Pursuant to the requirements of the Securities Exchange Act of 1934, this report has been signed below by the following persons on behalf of the registrant and
in the capacities and on the dates indicated.
Signature Title Date
/s/ JEN-HSUN HUANG President, Chief Executive Of ficer and Director
(Principal Executive Of ficer) February 21, 2024
Jen-Hsun Huang  
/s/ COLETTE M. KRESS Executive V ice President and Chief Financial Of ficer
(Principal Financial Of ficer) February 21, 2024
Colette M. Kress  
/s/ DONALD ROBER TSONVice President and Chief Accounting Of ficer
(Principal Accounting Of ficer) February 21, 2024
Donald Robertson
/s/ ROBER T BURGESS Director February 21, 2024
Robert Burgess
/s/ TENCH COXE  Director February 21, 2024
Tench Coxe  
/s/ JOHN O. DABIRI Director February 21, 2024
John O. Dabiri  
/s/ PERSIS DRELL Director February 21, 2024
Persis Drell
/s/ DA WN HUDSON Director February 21, 2024
Dawn Hudson
/s/ HAR VEY C. JONES Director February 21, 2024
Harvey C. Jones  
/s/ MELISSA  B. LORA Director February 21, 2024
Melissa B. Lora
/s/ MICHAEL  MCCAFFER Y Director February 21, 2024
Michael McCaf fery
/s/ STEPHEN C. NEAL Director February 21, 2024
Stephen C. Neal
/s/ MARK L. PERR Y Director February 21, 2024
Mark L. Perry  
/s/ A. BROOKE SEA WELL Director February 21, 2024
A. Brooke Seawell 
/s/ AARTI SHAH Director February 21, 2024
Aarti Shah
/s/ MARK STEVENS Director February 21, 2024
Mark Stevens  
85","{11, 12, 84}"
"What is the gross carrying amount of Total Amortizable Intangible Assets for Jan 29, 2023?","$3,539 million","Table of Contents
NVIDIA  Corporation and Subsidiaries
Notes to the Consolidated Financial Statements
(Continued)
Note 7 - Amortizable Intangible Assets
The components of our amortizable intangible assets are as follows:
 Jan 28, 2024 Jan 29, 2023
 Gross
Carrying
AmountAccumulated
AmortizationNet 
Carrying
AmountGross
Carrying
AmountAccumulated
AmortizationNet 
Carrying
Amount
 (In millions)
Acquisition-related intangible
assets (1) $ 2,642 $ (1,720) $ 922 $ 3,093 $ (1,614) $ 1,479 
Patents and licensed technology 449 (259) 190 446 (249) 197 
Total intangible assets $ 3,091 $ (1,979) $ 1,112 $ 3,539 $ (1,863) $ 1,676 
(1)    During the first quarter of fiscal year 2023, we commenced amortization of a $630 million in-process research and development intangible asset related to our acquisition of
Mellanox.
Amortization expense associated with intangible assets for fiscal years 2024, 2023, and 2022 was $614 million, $699 million, and $563 million, respectively .
The following table outlines the estimated future amortization expense related to the net carrying amount of intangible assets as of January 28, 2024:
Future Amortization Expense
 (In millions)
Fiscal Year:  
2025 $ 555 
2026 261 
2027 150 
2028 37 
2029 9 
2030 and thereafter 100 
Total $ 1,112 
64
been anti-dilutive15 40 21 
(1)    Calculated as net income divided by basic weighted average shares.
(2)    Calculated as net income divided by diluted weighted average shares.
Note 6 - Goodwill
As of Janua ry 28, 2024, the total carrying amount of goodwill was $4.4 billion, consisting of goodwill balances allocated to our Compute & Networking and
Graphics reporting units of $4.1 billion and $370  million, respectively . As of January 29, 2023, the total carrying amount of goodwill was $4.4 billion, consisting of
goodwill balances allocated to our Compute & Networking and Graphics reporting units of $4.0 billion and $370 million, respectively . Goodwill increased by
$59 million in fiscal year 2024 from an immaterial acquisition and was allocated to our Compute  & Networking reporting unit. During the fourth quarters of fiscal
years 2024, 2023, and 2022, we completed our annual qualitative impairment tests and concluded that goodwill was not impaired.
63
Table of Contents
NVIDIA  Corporation and Subsidiaries
Notes to the Consolidated Financial Statements
(Continued)
 Jan 28, 2024 Jan 29, 2023Estimated
Useful Life
(In millions) (In years)
Property and Equipment:
Land $ 218 $ 218 (A)
Buildings, leasehold improvements, and furniture 1,816 1,598 (B)
Equipment, compute hardware, and software 5,200 4,303 3-7
Construction in process 189 382 (C)
Total property and equipment, gross 7,423 6,501  
Accumulated depreciation and amortization (3,509) (2,694)  
Total property and equipment, net $ 3,914 $ 3,807  
(A)Land is a non-depreciable asset.
(B)The estimated useful lives of our buildings are up to thirty years. Leasehold improvements and finance leases are amortized based on the lesser of either the asset’s estimated useful life or the
expected remaining lease term.
(C)Construction in process represents assets that are not available for their intended use as of the balance sheet date.
Depreciation expense for fiscal years 2024, 2023, and 2022 was $894 million, $844 million, and $61 1 million, respectively .
Accumulated amortization of leasehold improvements and finance leases was $400 million and $327 million as of January 28, 2024 and January 29, 2023,
respectively .
Property , equipment and intangible assets acquired by assuming related liabilities during fiscal years 2024, 2023, and 2022 were $170 million, $374 million, and
$258 million, respectively .
 Jan 28, 2024 Jan 29, 2023
Other assets: (In millions)
Prepaid supply and capacity agreements (1) $ 2,458 $ 2,989 
Investments in non-af filiated entities 1,546 299 
Prepaid royalties 364 387 
Other 132 145 
Total other assets $ 4,500 $ 3,820 
(1)As of January 28, 2024 and January 29, 2023, there was an additional $2.5 billion and $458 million of short-term prepaid supply and capacity agreements included in Prepaid expenses and other
current assets, respectively.
69
Table of Contents
NVIDIA  Corporation and Subsidiaries
Notes to the Consolidated Financial Statements
(Continued)
Adjustments to the carrying value of our non-marketable equity securities accounted for under the measurement alternative were as follows:
Year Ended
Jan 28, 2024
(In millions)
Carrying amount as of Jan 29, 2023 $ 288 
Adjustments related to non-marketable equity securities:
Net additions 859 
Unrealized gains 194 
Impairments and unrealized losses (20)
Carrying amount as of Jan 28, 2024 $ 1,321 
In the fourth  quarter of fiscal year 2024, one of our private company investments completed a secondary equity raise that resulted in an unrealized gain of
$178 million.
Net unrealized gains recognized for the year ended January 28, 2024 for non-marketable investments in non-af filiated entities still held as of January 28, 2024
were $174 million. Net unrealized and realized gains related to non-marketable equity securities were not significant for fiscal years 2023 and 2022.
The followin g table summarizes the cumulative gross unrealized gains and cumulative gross unrealized losses and impairments related to non-marketable equity
securities accounted for under the measurement alternative:
Jan 28, 2024
(In millions)
Cumulative gross unrealized gains $ 270 
Cumulative gross unrealized losses and impairments (45)
Note 10 - Balance Sheet Components
Two customers accounted for 24% and 11% of our accounts receivable balance as of January 28, 2024. Two customers accounted for 14% and 11% of our
accounts receivable balance as of January 29, 2023.
Certain balance sheet components are as follows:
 Jan 28, 2024 Jan 29, 2023
(In millions)
Inventories  (1):
Raw materials $ 1,719 $ 2,430 
Work in-process 1,505 466 
Finished goods 2,058 2,263 
Total inventories $ 5,282 $ 5,159 
(1) In fiscal years 2024 and 2023, we recorded an inventory provision of $774 million and $1.0 billion, respectively, in cost of revenue.
68","{67, 68, 62, 63}","
Answer:
The gross carrying amount of Total Amortizable Intangible Assets for Jan 29, 2023 is $3,091 million.","Table of Contents
NVIDIA  Corporation and Subsidiaries
Notes to the Consolidated Financial Statements
(Continued)
Note 7 - Amortizable Intangible Assets
The components of our amortizable intangible assets are as follows:
 Jan 28, 2024 Jan 29, 2023
 Gross
Carrying
AmountAccumulated
AmortizationNet 
Carrying
AmountGross
Carrying
AmountAccumulated
AmortizationNet 
Carrying
Amount
 (In millions)
Acquisition-related intangible
assets (1) $ 2,642 $ (1,720) $ 922 $ 3,093 $ (1,614) $ 1,479 
Patents and licensed technology 449 (259) 190 446 (249) 197 
Total intangible assets $ 3,091 $ (1,979) $ 1,112 $ 3,539 $ (1,863) $ 1,676 
(1)    During the first quarter of fiscal year 2023, we commenced amortization of a $630 million in-process research and development intangible asset related to our acquisition of
Mellanox.
Amortization expense associated with intangible assets for fiscal years 2024, 2023, and 2022 was $614 million, $699 million, and $563 million, respectively .
The following table outlines the estimated future amortization expense related to the net carrying amount of intangible assets as of January 28, 2024:
Future Amortization Expense
 (In millions)
Fiscal Year:  
2025 $ 555 
2026 261 
2027 150 
2028 37 
2029 9 
2030 and thereafter 100 
Total $ 1,112 
64
been anti-dilutive15 40 21 
(1)    Calculated as net income divided by basic weighted average shares.
(2)    Calculated as net income divided by diluted weighted average shares.
Note 6 - Goodwill
As of Janua ry 28, 2024, the total carrying amount of goodwill was $4.4 billion, consisting of goodwill balances allocated to our Compute & Networking and
Graphics reporting units of $4.1 billion and $370  million, respectively . As of January 29, 2023, the total carrying amount of goodwill was $4.4 billion, consisting of
goodwill balances allocated to our Compute & Networking and Graphics reporting units of $4.0 billion and $370 million, respectively . Goodwill increased by
$59 million in fiscal year 2024 from an immaterial acquisition and was allocated to our Compute  & Networking reporting unit. During the fourth quarters of fiscal
years 2024, 2023, and 2022, we completed our annual qualitative impairment tests and concluded that goodwill was not impaired.
63
Table of Contents
NVIDIA  Corporation and Subsidiaries
Notes to the Consolidated Financial Statements
(Continued)
 Jan 28, 2024 Jan 29, 2023Estimated
Useful Life
(In millions) (In years)
Property and Equipment:
Land $ 218 $ 218 (A)
Buildings, leasehold improvements, and furniture 1,816 1,598 (B)
Equipment, compute hardware, and software 5,200 4,303 3-7
Construction in process 189 382 (C)
Total property and equipment, gross 7,423 6,501  
Accumulated depreciation and amortization (3,509) (2,694)  
Total property and equipment, net $ 3,914 $ 3,807  
(A)Land is a non-depreciable asset.
(B)The estimated useful lives of our buildings are up to thirty years. Leasehold improvements and finance leases are amortized based on the lesser of either the asset’s estimated useful life or the
expected remaining lease term.
(C)Construction in process represents assets that are not available for their intended use as of the balance sheet date.
Depreciation expense for fiscal years 2024, 2023, and 2022 was $894 million, $844 million, and $61 1 million, respectively .
Accumulated amortization of leasehold improvements and finance leases was $400 million and $327 million as of January 28, 2024 and January 29, 2023,
respectively .
Property , equipment and intangible assets acquired by assuming related liabilities during fiscal years 2024, 2023, and 2022 were $170 million, $374 million, and
$258 million, respectively .
 Jan 28, 2024 Jan 29, 2023
Other assets: (In millions)
Prepaid supply and capacity agreements (1) $ 2,458 $ 2,989 
Investments in non-af filiated entities 1,546 299 
Prepaid royalties 364 387 
Other 132 145 
Total other assets $ 4,500 $ 3,820 
(1)As of January 28, 2024 and January 29, 2023, there was an additional $2.5 billion and $458 million of short-term prepaid supply and capacity agreements included in Prepaid expenses and other
current assets, respectively.
69
Table of Contents
NVIDIA  Corporation and Subsidiaries
Notes to the Consolidated Financial Statements
(Continued)
Adjustments to the carrying value of our non-marketable equity securities accounted for under the measurement alternative were as follows:
Year Ended
Jan 28, 2024
(In millions)
Carrying amount as of Jan 29, 2023 $ 288 
Adjustments related to non-marketable equity securities:
Net additions 859 
Unrealized gains 194 
Impairments and unrealized losses (20)
Carrying amount as of Jan 28, 2024 $ 1,321 
In the fourth  quarter of fiscal year 2024, one of our private company investments completed a secondary equity raise that resulted in an unrealized gain of
$178 million.
Net unrealized gains recognized for the year ended January 28, 2024 for non-marketable investments in non-af filiated entities still held as of January 28, 2024
were $174 million. Net unrealized and realized gains related to non-marketable equity securities were not significant for fiscal years 2023 and 2022.
The followin g table summarizes the cumulative gross unrealized gains and cumulative gross unrealized losses and impairments related to non-marketable equity
securities accounted for under the measurement alternative:
Jan 28, 2024
(In millions)
Cumulative gross unrealized gains $ 270 
Cumulative gross unrealized losses and impairments (45)
Note 10 - Balance Sheet Components
Two customers accounted for 24% and 11% of our accounts receivable balance as of January 28, 2024. Two customers accounted for 14% and 11% of our
accounts receivable balance as of January 29, 2023.
Certain balance sheet components are as follows:
 Jan 28, 2024 Jan 29, 2023
(In millions)
Inventories  (1):
Raw materials $ 1,719 $ 2,430 
Work in-process 1,505 466 
Finished goods 2,058 2,263 
Total inventories $ 5,282 $ 5,159 
(1) In fiscal years 2024 and 2023, we recorded an inventory provision of $774 million and $1.0 billion, respectively, in cost of revenue.
68","{67, 68, 62, 63}"
